t,intensity,id
0.285586391610498,0.02744964667373309,0
0.4761231436121283,0.03934382802583042,0
0.5706229949033056,0.025765778773540367,0
0.9442912604192337,0.07118082423503976,0
2.659587613414116,0.007880569020424789,0
3.139633123260956,0.07551471439782254,0
3.8364702336096026,0.0605738526474042,0
3.8406403547582553,0.08910396590770914,0
3.8995744479305587,0.07687255722381264,0
4.468955568850137,0.06478394612310295,0
6.413181241073937,0.013087399819898154,0
7.216052401921058,0.04671634265019677,0
7.808709332310172,0.06253864852635796,0
8.301350199699348,0.040119505840219276,0
8.323325512459267,0.09831142815274804,0
8.480494514376113,0.036841817830524044,0
9.551684559320707,0.04165684693736835,0
10.186361716174893,0.03358525528684196,0
10.231563950358249,0.13367638152388867,0
11.469346901123764,0.01853154007892432,0
12.27589241249441,0.044760060114302204,0
15.906675332246486,0.06926290605844804,0
16.141166401321087,0.003494774959005976,0
17.201383404654997,0.08493350829125616,0
17.22038183803744,0.011108405582288117,0
17.47791577085678,0.0810547556697229,0
17.950914913386548,0.024889196028701724,0
18.21531592246397,0.08738491617680673,0
18.220998936205167,0.019017543501799104,0
18.41229492795799,0.16304169911283015,0
18.51658425741298,0.17557465385370563,0
18.86480164165373,0.12188378266806922,0
19.104889629156837,0.0029289711678238827,0
19.11625246754243,0.009925527624591125,0
19.142578017642222,0.04843418044516078,0
20.036960361102587,0.2504506716403204,0
20.097252965153576,0.07163467152276584,0
20.2045058394171,0.2202916359265448,0
20.543316474167288,0.07189390982571357,0
20.581902959852773,0.07912563390095913,0
21.003887876764573,0.08386196960567216,0
21.76138742112931,0.08550327366728913,0
21.917909286306934,0.0025792685418177612,0
22.016880755263962,0.3220048844421303,0
22.4267283272542,0.21799197464177433,0
22.44909016632748,0.24942972951244885,0
22.51857114386077,0.23023018131806192,0
22.653413023431455,0.01835498022891744,0
23.001258883587372,0.18608977251014266,0
23.059536182575783,0.22264354104143028,0
23.600145786316574,0.29192540183716065,0
23.613718836021853,0.24875525019463013,0
23.759061483842245,0.031721969838204446,0
23.869816322453755,0.34864093185299616,0
24.18951770996901,0.312248010423859,0
24.335187960469842,0.2927901683735881,0
24.587816361383673,0.47682435525319417,0
24.80151364416348,0.23868345496594356,0
24.894661015465328,0.3353094746197456,0
24.901406282390695,0.07283824539573384,0
25.076953065424345,0.1559722479664037,0
25.169530000116826,0.5180638442517747,0
25.40405774038881,0.009958414954090972,0
25.43781125092487,0.10306029117542881,0
25.522931108496643,0.5573034689644579,0
25.538181699237406,0.1617257277340735,0
25.67659686695253,0.198098235256951,0
25.68619457294993,0.5571828219250871,0
25.712873752024603,0.7873835453036117,0
25.783171488462784,0.16489406346980418,0
25.86205066992481,0.6295219082799403,0
25.93377304106809,0.1167409195191431,0
25.934821408859978,0.33160321039948315,0
25.999733817685293,0.28590839856565264,0
26.003285640537577,0.8118476232321694,0
26.068341170574683,0.611311407283822,0
26.081182114283273,0.32016961578459074,0
26.220936115010776,0.020370268226334518,0
26.287514371504276,0.34301657889720616,0
26.413474577611137,0.8509504878378613,0
26.530662862645155,0.46696449267666595,0
26.584492657467663,0.6540545695139831,0
26.59111611372323,0.31545549343622803,0
26.617937794525854,0.4284910385653335,0
26.726691224678824,0.1879092063105561,0
26.73340807056938,0.7917895819319597,0
26.738831667268443,0.3521244219465688,0
26.838641032385585,0.035756912418288586,0
26.895499546372466,0.6594490665987207,0
26.97713293201785,0.14917447977512802,0
26.97997351984723,0.7924562842808288,0
27.035319494710006,0.015034487478004994,0
27.049806030940122,0.5916404590697777,0
27.08033553735366,0.5065188409643578,0
27.149925258119215,1.0,0
27.16822633962546,0.1376592999812758,0
27.217956258351347,0.686345063767764,0
27.246576002478996,0.09814792142057907,0
27.32792245751551,0.1624336586050211,0
27.385843393636637,0.9829157691437426,0
27.532084767872746,0.741528801332638,0
27.602916007399422,0.23381021646063999,0
27.659402507567417,0.8034772727949386,0
27.666148519325812,0.03492301149174372,0
27.766525326610804,0.5175436236332771,0
27.82241037937415,0.08780952431484292,0
27.85604531394999,0.9424600099068727,0
27.940011107197837,0.5499295462939571,0
27.964197827059333,0.5343029891181367,0
27.967873077414648,0.3164906450060518,0
28.025982228154586,0.8380036676104969,0
28.142723460152446,0.5083300115798212,0
28.24988297276409,0.015647589472469928,0
28.29446000194269,0.16995177790372137,0
28.328376368507637,0.40348386695519123,0
28.345948888133865,0.07632505855175646,0
28.546618842825843,0.23759212543992866,0
28.565199128453894,0.2179842990164335,0
28.572720401669958,0.0005490029071573638,0
28.5881840576484,0.6426291688343515,0
28.613532237678132,0.7315094547951417,0
28.783405926483418,0.7049547921727667,0
28.831470687505345,0.734911309317035,0
28.87879955133973,0.1313586444820103,0
29.04388912791955,0.7066283347816685,0
29.044418756928632,0.546568871937289,0
29.124232523266297,0.5850961771248572,0
29.208328272560056,0.463253951466437,0
29.230837912617698,0.7921931906512746,0
29.30915584607483,0.20837912406840978,0
29.369232476582724,0.6487218705109046,0
29.619431434370036,0.3506201872571451,0
29.62816633076245,0.658979779368095,0
29.695906145866967,0.20338791720619556,0
29.78260376750521,0.011015180909564274,0
29.79907932988165,0.048637313506612975,0
29.81818920909652,0.6968924235087214,0
29.914616134791537,0.48240446407863896,0
29.939920977600146,0.5650194307110625,0
30.196503057171785,0.3344579175981933,0
30.30152621357852,0.35954393164934834,0
30.323625862451134,0.24380006365647974,0
30.32813816034592,0.5511972959347589,0
30.401557064898633,0.529611162076706,0
30.43854288288447,0.5008854100445959,0
30.440923549333487,0.7223238787206697,0
30.481348871354598,0.6066261997630726,0
30.52538952876215,0.7801794838090221,0
30.780124395011818,0.40358426594824454,0
30.820102193081414,0.4324626830984652,0
30.830348540404938,0.46605126825848636,0
30.9931492115358,0.2201410924586211,0
31.243292938238596,0.019330683301870932,0
31.300744622040643,0.4688500711365516,0
31.379108391436908,0.42204026569618197,0
31.624868497829603,0.04120247044762731,0
31.688970771508266,0.07890425587376058,0
31.770465061472784,0.3658399892752484,0
31.789678515546978,0.30036210161244586,0
31.903017014069658,0.10473850079660764,0
32.58727786161208,0.02136870881481958,0
32.713087004940675,0.23244063492693787,0
32.71928904045972,0.022247965108475973,0
32.94853580653447,0.08090558714760447,0
33.046925602297186,0.19371809991291494,0
33.30329446593482,0.03261856285670381,0
33.35083922073807,0.15128390627534424,0
33.6312981041935,0.0066037575816703395,0
33.88937677615026,0.03583594642922284,0
34.187537556588715,0.25266253086606283,0
34.4980917600461,0.13519368946751734,0
35.00176841471193,0.13154860263395485,0
35.121204757190235,0.07899113263898837,0
35.72293988251551,0.12062710897475074,0
36.4441717025378,0.12362750097335205,0
37.306882637173054,0.10525390281330207,0
38.13807298697048,0.05298755713817871,0
40.030663938163016,0.09213212616597835,0
40.03568387127963,0.11133684692433765,0
40.09127285079272,0.1770568328557706,0
40.22843627289197,0.05488649613120108,0
41.70885012682484,0.06303587179304976,0
41.884879394873344,0.005762424270736912,0
42.68545421185707,0.12567118920778708,0
42.76534865897418,0.15427699692568717,0
43.01534202797845,0.08351089229683076,0
43.19663995887091,0.10447303634817774,0
43.73861048437566,0.1291043607841789,0
43.827484503961465,0.04766374460470127,0
44.057701622841485,0.08263067351678101,0
44.12453400142668,0.06996183272157448,0
44.971043445727965,0.08077443873947207,0
45.156767531932324,0.15484790400271367,0
45.32735087142707,0.06804607183225712,0
45.51207824507382,0.008385382431321545,0
45.84178655870458,0.11955709861293519,0
47.231008088620705,0.056317484234715144,0
48.419996695867034,0.02936318187040476,0
48.836756840431654,0.04240295028315329,0
49.10733635105848,0.1201666457339308,0
49.452838133937355,0.11293442175088515,0
49.61402479753703,0.030525921778496456,0
49.859837347518024,0.1232810379612185,0
49.87371486005095,0.21401213028540425,0
50.03640602523865,0.2139762729722412,0
50.25458709697632,0.22650710376881067,0
50.66253890114022,0.09262801300146324,0
50.780250596321885,0.048940731832212474,0
50.95937372576505,0.2794405991307675,0
51.6959076393238,0.15157879438554925,0
51.710115296153646,0.11004289276896115,0
51.79354885380347,0.22619562353722072,0
51.86396856973805,0.24684510009502172,0
51.89112486363893,0.24110527499319848,0
52.00803624537451,0.07755392775360476,0
52.05028299547244,0.3523205099288566,0
52.51873063642112,0.28651596101504967,0
52.609044861058734,0.1305422094458214,0
53.22026066718206,0.023293602436849904,0
53.29777383081763,0.34668893246950494,0
53.511900344536606,0.30046081947716946,0
53.58687616549764,0.20789659029775995,0
53.61961423379069,0.1939295698736307,0
53.940881851980684,0.25822936154758974,0
54.43935057964448,0.13426927695642368,0
54.9232353955147,0.012658601332952322,0
54.949569955058344,0.1071546429065133,0
55.004804734099466,0.0989162074113716,0
55.03485650500039,0.41654913983827424,0
55.26174920174218,0.3195828153396249,0
55.75059109431744,0.1258747838356503,0
55.82309581619016,0.24300040870464226,0
56.15063050557978,0.09360385575417594,0
56.2029066792834,0.18914275351439352,0
56.7478994724245,0.06767162778500509,0
56.997310416741044,0.09414038938504062,0
57.025420126505146,0.17289838480024014,0
57.16189514732897,0.034307285198310035,0
57.408465657897935,0.3419539656464349,0
57.4464656300505,0.4131220143546345,0
57.475146006918386,0.10164227981258403,0
57.56913978816919,0.2263083274995355,0
57.58302327640124,0.4283186578572988,0
57.65055022971177,0.1566698404442987,0
57.84540772845305,0.3046583116455416,0
58.08997782998285,0.19599825799823578,0
58.12356628901803,0.18598132991191202,0
58.20361458442121,0.3744765517905001,0
58.230531306840184,0.2325596179415173,0
58.35463933178032,0.22691844545770054,0
58.371772603023544,0.5397575404713136,0
58.38610808569037,0.5527573370383692,0
58.437140825152376,0.13809671666143478,0
58.52766101417468,0.14337620387292443,0
58.695107753702935,0.4865525970947098,0
58.81170723916297,0.3110307048405693,0
58.88436617910846,0.5557313014272649,0
58.892753168551366,0.5901928574231406,0
58.91078269987586,0.6498671034644615,0
58.93982745292664,0.22300927586258149,0
59.15780105948289,0.7940733324313146,0
59.15868741270413,0.4105599381040303,0
59.21318332315241,0.06983094400849861,0
59.245926416087926,0.09485558132021177,0
59.56649306671407,0.399024760428679,0
59.8706409979124,0.3240261400697109,0
59.92532922889307,0.6019691667108172,0
60.01579105116834,0.5714238136372989,0
60.03047676542878,0.30878724402821817,0
60.21743032003802,0.12971758043940165,0
60.35000339303097,0.33850967278985733,0
60.423825226594204,0.19345788745197393,0
60.46460089250913,0.4180986960967557,0
60.48724209646272,0.357262661591417,0
60.553836034791445,0.584602177784038,0
60.56094447268833,0.09565399684729628,0
60.60811177968168,0.1845487429876786,0
60.65284341325668,0.4454411722833689,0
60.66643928315304,0.48389647679904896,0
60.77061927108102,0.30830894463004266,0
60.79966596619115,0.6902117533641496,0
60.82683831050105,0.6370926916515585,0
60.99407191759125,0.4030105476406284,0
61.021309504725004,0.31002537482417863,0
61.15372491379949,0.2872592678350484,0
61.47269037107784,0.0675456503846543,0
61.50309552054541,0.5760596222827516,0
61.58404256237609,0.14344207707549897,0
61.62725691344376,0.09580426245015645,0
61.62864234098859,0.3381412502804326,0
61.73169309049388,0.29382040554202077,0
61.75087750531146,0.049771874312833385,0
61.812864470491085,0.3888625698448635,0
62.015609268234606,0.42482532888874586,0
62.01911982196712,0.3155206947320595,0
62.01996115492098,0.049534833417479336,0
62.087549965434484,0.12208048078680646,0
62.13472794269852,0.08003704566754472,0
62.22582595018422,0.39512123099381913,0
62.36205631008215,0.054623734799168315,0
62.3773735045982,0.2575851262367993,0
62.40103112566782,0.10220455113216632,0
62.41249616583366,0.2982449612210951,0
62.75235465867818,0.37987906292611207,0
62.84908991329859,0.21485209510889045,0
63.059558889634,0.48258108487950885,0
63.27892487544242,0.20264597014222396,0
63.36183342773603,0.4572381271132085,0
63.77895686941489,0.31320275637633394,0
63.8003629524052,0.048022967373719125,0
64.16776028219788,0.03518771295963349,0
64.19696537725,0.04873669584460587,0
64.52638887265621,0.20048380914250746,0
64.6956297470001,0.21115961615700282,0
64.95215854837748,0.22452338546311007,0
65.02036706293094,0.16530330215407898,0
65.06267072848198,0.22338673412976714,0
65.16518222202916,0.23343852977527968,0
65.40354588878382,0.10625305706951156,0
65.42846411625575,0.22399779426431615,0
65.5986081871393,0.13526016003818053,0
66.61782857762147,0.11106127514229949,0
66.7772041971917,0.17482891470619774,0
67.30759533341491,0.06538756488898058,0
67.32536952258346,0.09436790818377672,0
67.47666963738881,0.06628130044180652,0
67.93452352628542,0.09773947581091917,0
68.18182886587253,0.14824034259730143,0
68.65546511488644,0.0419175544906862,0
68.99063349226822,0.1408568133167294,0
69.10309808773985,0.09834949479024604,0
69.86752130299789,0.04470546332115302,0
70.1307089922216,0.08098620846937629,0
70.39013998943093,0.03573881804899629,0
70.49186858347674,0.23510399045948177,0
71.13516779381483,0.010576646149587157,0
72.58377809012967,0.09649472428200098,0
72.60112459431284,0.02287587287532183,0
72.9101990151737,0.07888995689542984,0
72.92863480922514,0.04066317357903167,0
73.62307588422571,0.16424144659450785,0
73.67831336083334,0.2229567790470728,0
73.7708207731828,0.2992346677753333,0
73.79129228907892,0.17615264427581495,0
73.89201360513697,0.3241123042466495,0
74.01155619227458,0.27853491196930036,0
74.05254366714163,0.4753470173875161,0
74.23194925681123,0.06065997799866941,0
74.34415223398238,0.40672738639477213,0
74.38540502658951,0.432783490887281,0
74.51498054108805,0.3973453976397969,0
74.62821634405299,0.22446381617907113,0
74.68139816646816,0.2683012891623743,0
74.72432894464441,0.5201090799011068,0
74.88858276659845,0.4944195773372459,0
74.94029922619194,0.41061325374543634,0
75.1430231071347,0.2261267233889304,0
75.3790609533552,0.23772635764413438,0
75.41041348778703,0.3744598061796534,0
75.74188093610745,0.11393963416313548,0
75.75280882072063,0.11404568912366587,0
75.92446834682536,0.09018602088075346,0
76.18000925457832,0.20767495050031298,0
76.21879401604232,0.38191674212973137,0
76.32473826801272,0.09603319333307866,0
76.42905815366791,0.32606630327991787,0
76.4524307309334,0.013248231792925051,0
76.64203717195774,0.24366471299676884,0
76.69769831637457,0.14095818229133944,0
76.71993230507525,0.1481391241789206,0
76.74017957301469,0.21637945990248142,0
76.90193065035459,0.29190214597008785,0
76.99381868635878,0.41879700920618534,0
77.15151842727387,0.5410743429683403,0
77.31757054271895,0.07923912363250263,0
77.32342902658735,0.2215339446812021,0
77.46407090260547,0.0872364777012497,0
77.50408535359452,0.4645889479993796,0
77.68716751248695,0.04573366377122256,0
78.05635451616192,0.40967180357692085,0
78.52159275108565,0.2805423976408736,0
78.59683821041973,0.33660750809463286,0
78.63231059198925,0.37146757344811654,0
78.71696120749685,0.06416085785380939,0
79.48223392767657,0.14370862330906672,0
79.71626295916637,0.08193373141248514,0
80.00405296967753,0.06719013811999883,0
80.19029116117458,0.004065922959282086,0
80.26334182499582,0.1385834084868981,0
80.43476953956802,0.0051184299957711355,0
80.70907101764412,0.24259796669581196,0
81.14674518473726,0.059020537944713146,0
81.2382511684661,0.13103731222672876,0
81.3821414331711,0.18859077743457556,0
81.46169374400148,0.0004703118133659074,0
81.46498451842642,0.039578182132523,0
81.67110497381478,0.15399134916558038,0
81.88720822011152,0.20887294742925247,0
81.98333865164679,0.2832804328798367,0
82.14880485555962,0.1397992753003197,0
82.20460217188003,0.3557706183091427,0
82.48383923631364,0.20293847140126986,0
82.49636993927342,0.0006827193804105199,0
82.96210757132368,0.19538208973696003,0
82.99256247181027,0.06738566872820494,0
83.28440466419214,0.0050420168898255005,0
83.42038212343323,0.2612312031995679,0
83.76309790619227,0.16655577411896494,0
84.50077466929221,0.15271037204047117,0
84.67185448293897,0.01799696952904716,0
84.67803549818034,0.08529958154927032,0
84.85932530305232,0.07236509197504455,0
85.38792260689173,0.12138387267733812,0
86.14415570226488,0.07346399527263049,0
87.0660874071193,0.09253704038638921,0
87.21347348143578,0.030878600027103947,0
87.52521451315657,0.09275473026599933,0
87.58883081594689,0.13810977969592383,0
87.61987167469358,0.11283801160562329,0
87.63814531543368,0.1552907561480928,0
87.77884217105338,0.3009220112328958,0
87.92018894512911,0.23334239865316356,0
87.92675977569992,0.13162810439342815,0
88.16060961796263,0.1483040192011021,0
88.34238790756014,0.23487369499824395,0
88.3463739813651,0.03422144866500975,0
88.44856273253949,0.23707838928169386,0
88.62039082208393,0.040954649674676866,0
89.08182188000966,0.03017446119280227,0
89.10030043677268,0.21894703947270222,0
89.6866962290387,0.05103752398313385,0
89.82648263299116,0.27312633196684843,0
89.83562665787376,0.29363399028244475,0
90.04877162920721,0.12141806212424441,0
90.10288731361771,0.23324459065283998,0
90.12686458359696,0.28207353604061847,0
90.16861896687085,0.3724552921398576,0
90.17844309047062,0.09912849558234904,0
90.45258095265349,0.3729537455279757,0
90.61295173102793,0.4471094909053239,0
90.71239073935837,0.24348160837453584,0
90.75268873045694,0.32428845625328917,0
90.82154564004308,0.3380456082317026,0
90.8470510736651,0.6391804537826155,0
91.03338234519286,0.03323746618739548,0
91.03801391142491,0.38742420067590866,0
91.09564645642638,0.3345944163643181,0
91.1920631802115,0.2467627145544066,0
91.19678102748645,0.5035817847262716,0
91.26843965078577,0.5735992797772258,0
91.27636722425963,0.419859027021352,0
91.83685765217608,0.022987157181685643,0
91.93692918242684,0.12807532178497538,0
92.00835197303628,0.011246152030141888,0
92.03772823855928,0.18806387833084218,0
92.165639452992,0.2701251758328806,0
92.17756335851205,0.4772035684195757,0
92.26210716405856,0.3214455751536874,0
92.5374910016785,0.2469470543893556,0
92.67305029825954,0.3481301139674185,0
92.71687465759895,0.009016875501786398,0
92.8511972650229,0.36462421977566684,0
93.34078696071882,0.12608540296582593,0
93.58276091001623,0.2193004560560534,0
94.0115081490197,0.20148665143111819,0
94.04009801908575,0.06573012684835004,0
94.3364071206804,0.08573008647624693,0
94.76336034056773,0.15877188823116414,0
95.14356873866657,0.061403423552120216,0
95.33266059303627,0.056244208636506594,0
95.8797566110206,0.06506075079074669,0
95.99871961915817,0.18061835346762026,0
96.35272376264524,0.17895242208575513,0
96.42986057298835,0.11778411196864996,0
96.52321830408127,0.012832214521865103,0
96.69792820469519,0.2202745480548264,0
96.92410697692235,0.047668742484698184,0
96.93897052221794,0.19830449921581145,0
96.97131651908514,0.27169215892649295,0
97.08353323244732,0.3445787995573433,0
97.21697842011066,0.04511925590800075,0
97.73724261280415,0.15018184730681974,0
97.87295772667343,0.24849616068968985,0
98.12886820441555,0.14571967270056377,0
98.13295515404195,0.22404859258625096,0
98.25683082881989,0.24569512283805567,0
98.41197442862703,0.2599207209648592,0
98.55616263714819,0.20756225640505213,0
98.71067156737884,0.2779455943497619,0
99.00985504705078,0.1788969542583657,0
99.16505287205607,0.262906087751334,0
99.43841265543135,0.16137787006691223,0
1.256562380259323,0.06118956900361882,1
2.8757658461728424,0.048409096893457126,1
4.266858072982706,0.035071617515212025,1
4.590597785207495,0.10781849829005342,1
10.135441536900148,0.023763832394508726,1
15.661734272371099,0.019098241590192758,1
15.735615552543347,0.1959970729148406,1
15.842712601778931,0.20887109485336022,1
16.490988872698807,0.10888403922449273,1
17.593705841722,0.08196541912451191,1
17.94314423617039,0.1457759836479923,1
19.518058028467042,0.024960940154263523,1
19.575292553086303,0.11137046646477818,1
19.775688106406083,0.09167202905673573,1
19.776422834601924,0.160386099799033,1
19.827943324270286,0.03567547791903333,1
20.550164711909698,0.12174660151325127,1
20.882390126070195,0.12266288077577944,1
20.883361327147185,0.1952442404665216,1
20.97087874090187,0.24192789027762407,1
21.06509527860636,0.23505766956692148,1
21.49762022881034,0.29541678649709663,1
21.54488750584728,0.2618565120794205,1
21.670978129888308,0.20661761207422813,1
21.93074444465859,0.2158169485346683,1
22.14708991927691,0.18149452796112386,1
22.244220588901946,0.09451900189381698,1
22.307550602631178,0.11069675606740519,1
22.389878706722033,0.23640104696877806,1
22.39373733643999,0.2502560702072194,1
22.72856012561939,0.4763269487935036,1
22.922752599535496,0.26220884054803295,1
23.064683986227113,0.41381355106989093,1
23.14896259458661,0.10531922160737775,1
23.169739070177567,0.5647725222845943,1
23.2358677225504,0.4868721098447437,1
23.278117663542478,0.5899440795370849,1
23.313196169934088,0.283306895404327,1
23.351040069449184,0.5470247977523343,1
23.673582571709893,0.1586126301222714,1
23.684083018392144,0.17377712595382794,1
23.711195340792717,0.2014244016566822,1
23.748878966385902,0.22943613851354688,1
23.755665457630073,0.37750906558054764,1
23.88582474675344,0.7388652340222928,1
24.079366769641567,0.7776890874945193,1
24.12881364580789,0.5374320955493661,1
24.217301922262443,0.11471687767392755,1
24.35281237286847,0.34542593735609367,1
24.40205317053006,0.7970970262956022,1
24.451539447002325,0.2817967319725496,1
24.570772687977538,0.5575063976184053,1
24.652312326696908,0.8447052914457803,1
24.833045720952796,0.38657809443230395,1
24.93069023509782,0.4181217047135329,1
24.958390154395293,0.8071343618679244,1
24.99187094604837,0.8521934077670225,1
25.306963609006605,0.6934843027297182,1
25.36771876215906,0.4285334460031194,1
25.372276820280113,0.5714956563295772,1
25.418808213650628,0.5682178392239694,1
25.471660446530617,0.15618096624626684,1
25.54129422072437,0.6185880045671714,1
25.596781021436854,0.3222407764550608,1
25.607514159024287,0.13895186182904112,1
25.62642084833572,0.23831959774340006,1
25.7621825314179,0.3302411728152537,1
25.84198386552141,0.9968298979640913,1
25.96374012464705,1.0,1
26.00458949119054,0.8996846248709416,1
26.13916026680813,0.4574609187976013,1
26.167768020145974,0.4792860604894529,1
26.46134906755237,0.6643715951615746,1
26.50578228701101,0.0884963576630432,1
26.73001455266828,0.8032134893245345,1
26.792682809083715,0.5737845279697087,1
26.935292162550535,0.2388013283894286,1
27.564734436273728,0.482338456497033,1
27.58752560184237,0.32191901420093133,1
27.74178041470796,0.04881439266226408,1
28.11818540940845,0.05164789170011175,1
29.108891047235883,0.008208815286055953,1
30.459376819624676,0.027521816177353584,1
32.10830179090265,0.004803071853212271,1
32.182853913949046,0.07482082614854922,1
36.18827533614831,0.004625702218154096,1
36.96681638513684,0.03238554750489448,1
37.82703727126159,0.01936625738252304,1
38.59766218523965,0.05050528291764401,1
38.74894438693409,0.05976968707753,1
39.54624156197157,0.09866607915881555,1
39.554142856858554,0.06021360155239453,1
39.86551132371865,0.0446561682751062,1
40.20406743503719,0.18977194290784102,1
40.350310514248314,0.11092477174596649,1
40.66103598215207,0.006757643063247483,1
42.22925093234455,0.009636593040090735,1
42.42661885642457,0.0892502779454373,1
43.522410226691285,0.04220366930841571,1
44.027641940208326,0.027320937820783896,1
46.47168884648448,0.03374041879525117,1
46.80454973837671,0.13871275318252657,1
47.652885711507146,0.20594852835090838,1
47.844083886544766,0.031491941663049375,1
49.01326293425163,0.12025741891990968,1
49.471284582754386,0.13206440369837838,1
49.97173588401321,0.09744124718408877,1
49.98508075545114,0.01573844583774776,1
50.147534799358,0.2080427675430336,1
50.224781541337435,0.2503979347022053,1
50.37933213700101,0.24936527982361878,1
50.400023279164365,0.21279185512832638,1
50.809124074720046,0.20913629786425159,1
51.223172096028456,0.12668716777711858,1
51.54313544507128,0.08586362770299741,1
51.79390575664668,0.07570245383256005,1
52.13109153522195,0.25607658101599645,1
52.38726462522195,0.30507326387911327,1
52.47503424385364,0.2262016536223139,1
52.516926337964826,0.220588221835768,1
52.55984436827029,0.4061774776641714,1
53.04357150783056,0.016278490533939993,1
53.13432903620055,0.12033005245512825,1
53.182070735150944,0.1696032465533453,1
53.44335715986683,0.01670210683697396,1
53.52035886856749,0.293755711710642,1
53.608403575311904,0.5514377844395555,1
53.8790736344846,0.4205561905452111,1
54.39200966186211,0.21427351350704643,1
54.597386805927464,0.2938936898731843,1
54.65860519488916,0.372258624264595,1
54.845955421924025,0.1215031974022327,1
55.00202423301141,0.12922538122220648,1
55.23325989298179,0.2698554703125342,1
56.00235833377104,0.24269406580968272,1
56.195747813604314,0.0013207846910506952,1
56.430629698935824,0.3072576435618994,1
56.432308611019614,0.06095211227867508,1
56.652075000444846,0.2097130675251804,1
56.78636364561822,0.2395969127686122,1
56.79091742919618,0.0034991327656724845,1
56.93804895648606,0.24662794195903795,1
57.06749170719149,0.308080865858076,1
57.390171976764805,0.37355732374016093,1
57.42854297959784,0.5288231667828128,1
57.612287197199635,0.04144263076565744,1
58.35908814962581,0.11885158374296588,1
58.43775259187994,0.239783370021532,1
58.489982992751095,0.14403531981290485,1
58.57490758565961,0.21993416701979498,1
58.58256150327487,0.5717071513653087,1
58.608347317158675,0.03596132137716599,1
58.608413261666875,0.6443638942032026,1
58.619130648376014,0.5006703257075634,1
58.66729071053093,0.38987743956342513,1
58.76008909158972,0.3848028910959271,1
58.80078868368008,0.48208966104276807,1
58.829886785102254,0.2635802296373648,1
59.05740414838872,0.1466317874651617,1
59.15400086284044,0.5264971147498823,1
59.41164392570529,0.7770680962807777,1
59.66679964450532,0.35964360179560295,1
59.72265449315773,0.516631595182187,1
60.04953599031931,0.33608072232148073,1
60.39338089774425,0.10903179488308903,1
60.475093484017634,0.33012303167680923,1
60.83278213554396,0.4616989024275725,1
62.60611243436217,0.10563518372276663,1
68.87089052125845,0.002571640695718397,1
69.58719028934928,0.04933128762537584,1
69.64176054413925,0.12085318512340133,1
69.78876213006257,0.129127221172963,1
70.28510097698603,0.02946924068507194,1
70.44134408515829,0.3356995223970078,1
71.35625522210651,0.2051084014300107,1
71.43763907305843,0.39954172019458517,1
71.56388081110559,0.5026858867503059,1
72.43782773303951,0.11147931656019043,1
72.49282208358701,0.37203674186294927,1
72.58711164912033,0.30367872662261647,1
72.70315653434015,0.12001694473376057,1
72.8590447714185,0.4685918392294349,1
73.34578703892328,0.26642657577093876,1
73.35035027069468,0.11839208729714193,1
73.4075857481758,0.24614456009946478,1
73.4446404992441,0.4306809302649104,1
73.5677752872549,0.6282006945184031,1
73.57349885357114,0.3790642070014188,1
73.8235945002369,0.4935642714141947,1
73.94516668085897,0.2059339759271694,1
73.95840887805151,0.34688728854184986,1
74.14499104250818,0.5355665379429223,1
74.14890741081797,0.6806164806460759,1
74.88840696841227,0.09124695783389919,1
75.54677768821682,0.3637585458487656,1
76.45795006182077,0.304568556875378,1
76.57082345360742,0.1721247283211189,1
76.60782610635512,0.14663209341283448,1
76.87929349980972,0.4001649184522538,1
77.09647712522977,0.10173794696966096,1
77.11259529425534,0.5123633775775098,1
77.65574621231602,0.18354966618891227,1
77.8659471060612,0.04086987647655314,1
77.8841278929718,0.06815347780412995,1
78.08117239155682,0.23026626250917515,1
79.5744442107851,0.012333606447267437,1
80.46193915635004,0.03626733442712996,1
81.16439811024438,0.1027896306086714,1
81.32175307801624,0.1350618350511349,1
81.76791823913466,0.17532590525304187,1
82.17314898064464,0.011378432906744677,1
83.06601008905854,0.15549416167511,1
83.22761467846244,0.19055811542918039,1
83.30428022829626,0.00452847436347873,1
85.34557990512677,0.05411652407940017,1
86.92025286738999,0.16873928252525594,1
87.17157957961899,0.24715529819569745,1
87.55759121470201,0.2227901935149263,1
87.74397139695064,0.14550068000561553,1
87.9300583734239,0.0887890283411507,1
88.62228126462648,0.14816622334678717,1
89.54028826045767,0.2238064650604578,1
89.5557552969852,0.28745260532770206,1
89.56207212808881,0.2908398109309251,1
89.70180842335792,0.43283087603964043,1
89.79481495925022,0.19539418450261928,1
90.019231511347,0.12952109786390756,1
90.30221340080517,0.011585172606098051,1
90.34278806360022,0.14157086339411912,1
90.35633054319302,0.10723214624505298,1
90.43549895696955,0.16261543462596262,1
90.43797870564705,0.6549503110632952,1
90.49421443285017,0.5642694612471086,1
90.6225513518522,0.1936152738164538,1
90.70338285944398,0.638887388383897,1
90.72113243213705,0.4656760465266951,1
90.74621714475765,0.3659259132435997,1
90.88272556821856,0.17814280998959564,1
91.12408306476141,0.23915468127081793,1
91.13305716559016,0.06545520101649391,1
91.83182536375517,0.12138224484587305,1
92.07131426290904,0.322917052118237,1
92.78721015064984,0.11254971138200373,1
92.96180808355886,0.275766456986908,1
93.54562999737207,0.1907331621397287,1
93.85382297937142,0.2531416710440806,1
94.29064347750958,0.14196746726323245,1
96.22149245375199,0.06910952376264473,1
96.65801138713041,0.11150821518725187,1
97.01127021342688,0.04658258866852117,1
97.54711037824849,0.050571538502926956,1
99.71436856120317,0.0667326489071173,1
0.8646649107095805,0.052135683247735855,2
2.0481379315531743,0.11293593073184076,2
4.0521921666009675,0.021577569521108016,2
6.006467206540177,0.024563279618355017,2
6.109352004421022,0.16318602726808676,2
11.496584645835759,0.009948591249985105,2
11.514724051053511,0.08188634810879583,2
12.182755028833977,0.15991616716809454,2
14.236969705768008,0.08641088731745664,2
14.94440697950911,0.07146152828134937,2
15.446812025168263,0.0319864630638701,2
15.533006005477446,0.16114494043394234,2
18.223224747994937,0.11863521032349778,2
18.327343386773588,0.15929425613537665,2
19.479696838092003,0.008915761631306184,2
20.275979567823843,0.12256741741238036,2
21.11389944856961,0.1704865656814285,2
21.324488165647043,0.048641964530463794,2
22.436491215082,0.17547743894570983,2
22.58057097501824,0.06339556024706411,2
22.635959788103513,0.30624885163971316,2
22.87336231409829,0.06194479260084926,2
23.497506650591273,0.17627899913080938,2
24.50797094216545,0.08503233949688413,2
25.344864154825142,0.13730499877763228,2
25.38935196321142,0.05587007489750455,2
31.17816523609167,0.05803354393649544,2
40.90761681720924,0.0002385195200069858,2
42.53958813811388,0.04874335065624184,2
43.18451063367511,0.07761510224121371,2
43.307504770226544,0.1993866836329271,2
44.03666952825277,0.16737060150924457,2
44.66218812321823,0.020689710379382137,2
45.565819590190884,0.12079188494671406,2
46.09450438135382,0.14559937138461806,2
46.43054487381473,0.1982042588822107,2
47.32626012077953,0.1195695701157556,2
47.6220700725201,0.029320797685005555,2
49.31797742006517,0.09564649684493054,2
51.566798083400265,0.07754507208164595,2
51.76856861144895,0.0454727142608006,2
53.29598719106398,0.13182669872248157,2
53.34028725160167,0.10596847167681098,2
53.35953359229638,0.3000446182939309,2
54.39711131746009,0.15095411669470413,2
55.63990372782457,0.10254774299678815,2
55.85932479364454,0.13278454607540452,2
56.827227882392926,0.12546312300743323,2
56.920581070599575,0.24595823332455866,2
57.28349117393016,0.24725897573685132,2
57.533044873421346,0.24590959727860473,2
58.25073006945512,0.009372431342222204,2
58.705295583345794,0.0026218391023388496,2
59.037713200870144,0.11928300578211877,2
59.25647573305335,0.011810992165569995,2
59.68796006137609,0.19200239799711624,2
62.778426802551145,0.0004170424410281521,2
63.34929060432633,0.07537028363626642,2
64.20507515129944,0.062320541136479675,2
68.02865246169037,0.09904536963695959,2
68.72558371220757,0.007790876950747076,2
69.34736591083905,0.01114464059847783,2
70.12475429656108,0.15182297488031254,2
70.3892874683263,0.19652942739588963,2
70.42011537532747,0.3333254717002865,2
70.58694651218372,0.032878858182344706,2
70.68439679714083,0.3103785306448998,2
70.84912475642548,0.2815852725610508,2
71.0225519442364,0.18804463208158287,2
71.0892629334515,0.4078140375987571,2
71.13341234280998,0.6967208109976225,2
71.13381438570622,0.05476158509266318,2
71.22560357888263,0.61049037710919,2
71.25380509564965,0.29085417599085694,2
71.50311668951245,0.3813123528791349,2
71.54175465420278,0.8722312805832105,2
71.6131394717427,0.13178450236100595,2
71.9998362471246,0.7536178970672804,2
72.07920431886014,0.38470653105731634,2
72.14477913807426,1.0,2
72.24898843236451,0.9607555073378649,2
72.60726298167494,0.36132302072389333,2
72.70105416102791,0.27831987846860334,2
74.6690972134176,0.0572018704926096,2
74.73445901840626,0.07817974376105526,2
75.26715433721695,0.25268955995261105,2
75.47646306891632,0.29062939438879615,2
75.55497194236705,0.46369768306241765,2
76.20422947200943,0.031029284464842447,2
76.48709886937564,0.08820395598762706,2
76.60139315002652,0.46882612749843744,2
76.88859186113585,0.2634316515192118,2
77.3559651410974,0.23710242321347935,2
77.41379351328459,0.18226778808316219,2
78.45589122992217,0.21616060942150184,2
81.76425173378762,0.05571125071604108,2
81.94954051737261,0.08337484914623906,2
82.87465960286453,0.09358106020999846,2
83.66889435397533,0.004455997695317898,2
84.06885516272203,0.1198330067953133,2
84.42936797506094,0.03583578225562366,2
85.76451015744134,0.07831013949654939,2
86.1149151285342,0.018663184417051587,2
86.66426452704712,0.21313420416880702,2
86.83407614287587,0.1202413561247705,2
87.12316245026737,0.1529538140911364,2
88.47289357274053,0.14477061741453723,2
88.67984105348287,0.04233102188744701,2
88.71301515185506,0.21826708679138612,2
88.86459728638282,0.22767116984411997,2
89.04287176219665,0.18206883369504864,2
89.1706354994253,0.38040044795230477,2
89.19088534535938,0.5270150039646015,2
89.51417971753132,0.28720274642713084,2
89.81826237863923,0.3664910547438063,2
90.26752227280221,0.4607987810963913,2
90.29300761251744,0.278803592887785,2
90.51723307988125,0.0831672004995127,2
92.98898497870034,0.08398741033381042,2
93.67516287192016,0.07589126723700228,2
93.81710548152678,0.20347140880963357,2
93.84329116882364,0.2988424921724415,2
98.19161349400012,0.018039127664653317,2
99.7922886862504,0.051217075586417984,2
1.299246861254792,0.014255648688907344,3
2.671671663657127,0.05018569336773856,3
2.6988039878886902,0.0779803530836305,3
3.7283170984539975,0.030667433304887647,3
3.7565565483384766,0.04356123849383106,3
5.046946076082198,0.07153622398398794,3
5.072872284596011,0.07505507898577068,3
5.155168717628567,0.03865556809569178,3
5.2222764452169645,0.0835454104648859,3
5.546354610481158,0.14398467834822845,3
5.620038656898057,0.1253470397556628,3
5.711791796417777,0.11378923365148123,3
5.866815666598309,0.1831050597718102,3
5.963408478851635,0.06200161929140296,3
6.006039454015258,0.24794830186376057,3
6.76856059362366,0.03710144473492681,3
6.798689413087574,0.1790837169191856,3
6.976797730610953,0.1595912696193546,3
7.19426621303911,0.18164780377056394,3
7.220430040024796,0.1391760648641015,3
7.3295796655031715,0.057859338044409576,3
7.348202344440886,0.13416590751860022,3
8.075072475435874,0.1549248279688122,3
8.162505969320492,0.1585554948651506,3
8.363552695755482,0.034526089739801404,3
8.365426004400156,0.22930083899238798,3
8.667295875890298,0.0063898076594934156,3
9.221109807649109,0.06318371470477208,3
9.566605029482691,0.11328176439641786,3
9.723034396110968,0.1585499268872182,3
9.883294308177648,0.02466076317669813,3
10.148756143599059,0.17764164601629273,3
10.37686209097617,0.041531879935671694,3
10.421167057128105,0.11872576296401609,3
10.625339778581914,0.0918391184577199,3
10.627394935932049,0.19737255333651255,3
11.16270834439462,0.025683556811629725,3
11.249891560015403,0.03895492900366498,3
11.384921250726729,0.12132185852781686,3
11.49120626566923,0.047728133075993155,3
11.494480267141206,0.228030711096387,3
11.839179134885,0.15053419483262792,3
12.073469207674561,0.22352458808067427,3
12.3879344265026,0.18247886964501653,3
12.435612211754039,0.12423265667543089,3
12.460345082090775,0.1997858750410949,3
12.466766848548067,0.019101275798892498,3
12.740982191326628,0.18014467039667192,3
12.800057656974666,0.2989655615460459,3
13.014959733509507,0.03407478022907261,3
13.059372175021561,0.13875343019624908,3
13.306995257064338,0.005212938745485394,3
13.58551525054784,0.1747423469604061,3
13.677939226576525,0.005185855241717352,3
13.75509583617111,0.1285566498462043,3
13.836939005781815,0.06481795870973575,3
13.868286554152824,0.258664057007294,3
14.082124401542762,0.19347420110754163,3
14.517378904350013,0.17137655252384418,3
14.644657889705323,0.1446275746827552,3
14.865345165267827,0.06260629985121678,3
14.931827275717724,0.21904665714892974,3
15.179699477318692,0.23641192806853792,3
15.297897759319378,0.12061936093397907,3
15.357398128526368,0.17238154189288107,3
15.408114265363217,0.19605386026402816,3
15.565339109151274,0.25530521422101715,3
15.828536516009569,0.20980803280946794,3
15.938750510091705,0.3044662562872062,3
16.000672321642337,0.32204415439674394,3
16.230874766974008,0.19727238891450963,3
16.370399252190317,0.3068823959245942,3
16.58620279058299,0.06971314365352452,3
16.6395729483896,0.14925312394189358,3
16.67148659559755,0.24179932677951452,3
16.739439816230572,0.04050878246717507,3
17.1847524314487,0.2181802839511761,3
17.2677822515806,0.15127035955379114,3
17.386922202059246,0.12032009975616088,3
17.507860683710202,0.14413017142246817,3
17.56981287722359,0.1231886023700104,3
17.59640983839795,0.09180468029423801,3
17.637442277601675,0.3688595645862833,3
17.70290907939621,0.3307083613622451,3
17.705675152370844,0.14867060583184888,3
18.03306638493398,0.06634993871034173,3
18.153663144430062,0.04515362907380466,3
18.202092713265507,0.32147308905043065,3
18.37602049737,0.29806308294438694,3
18.515829984237303,0.030859392269306892,3
18.949228557755152,0.03698051099145622,3
19.058405137386025,0.29386557903384564,3
19.570371464936073,0.24672780558411123,3
19.573043502673563,0.0921010985391252,3
19.728132293071123,0.03360854982286711,3
19.847004599152022,0.3211492558911683,3
20.01923708949556,0.009842352378304857,3
20.062198335914864,0.2514651897268991,3
20.17595023886834,0.06269910576154583,3
20.28877704892868,0.28472774367941367,3
20.393602242455497,0.0688123487072835,3
20.809867616355035,0.11857224381912666,3
20.980563921830772,0.04789973848220871,3
21.02851038344577,0.11751673291429499,3
21.106107224383106,0.056607513425938644,3
21.204283550623106,0.2122282439902261,3
21.267333999370774,0.3032813787223962,3
21.434301772196772,0.18148502170211314,3
21.651919137790312,0.4362750668239781,3
21.841063388258178,0.33490020907164697,3
21.93227174968816,0.2540907436472318,3
22.029560640742737,0.2608558067910829,3
22.072649666563308,0.15358498756118796,3
22.10325387940157,0.2559821650636424,3
22.13785130787089,0.3923751537817293,3
22.173956161791335,0.0010091209367196154,3
22.184302177003545,0.2813043752830434,3
22.19578209098701,0.5535737112356741,3
22.379828951516398,0.5106100389806478,3
22.510626611305693,0.1405418032554967,3
22.645877582973284,0.47583723145849594,3
22.78488699727388,0.36904289254542977,3
22.79767760755919,0.34517891247043786,3
22.981047866455988,0.42368877297634183,3
23.15488646464543,0.39952711301653376,3
23.292084428251048,0.04735270505022085,3
23.434607611695625,0.27711208632054557,3
23.459520068854196,0.1362708544672297,3
23.462008682011614,0.5007782596080143,3
23.48741035428322,0.2002003145884029,3
23.599862263038812,0.31497117938603314,3
23.68901487412575,0.6155590675207026,3
23.79670943857753,0.6144410169145511,3
23.818138459509505,0.6862850564099802,3
23.86370125950618,0.3863520249085741,3
23.998003450481264,0.7190671966619161,3
24.03015019988514,0.024877561199666713,3
24.061092333527405,0.7516777944550019,3
24.117726738240673,0.28578476036805106,3
24.298087139538957,0.6352834108734479,3
24.40711008582937,0.7515467094463524,3
24.443423435014694,0.7150004265083373,3
24.465202510166762,0.5883877839487243,3
24.502281988297693,0.5698014725181851,3
24.600226207236993,0.8386145249128983,3
24.647594950817243,0.40050725560323786,3
24.71047748070204,0.09075852772925151,3
24.71444693309729,0.02178464384786982,3
24.850455925895435,0.760195058817683,3
24.89260039353225,0.022676716200687057,3
24.932588885796765,0.8496229442023941,3
24.946387013050504,0.5220373596158827,3
24.979762437168183,0.6224538496861388,3
25.005304967618873,0.8932188394299436,3
25.01760101919909,0.9065545807408321,3
25.14430843635949,0.3669825331526514,3
25.16778906329628,0.5840907369396433,3
25.193684175485306,0.5041278276697118,3
25.467507707885293,0.7624559974188803,3
25.513874386646187,0.05356465741633437,3
25.536261699743232,0.607282182966504,3
25.55115139679751,0.4350406831412786,3
25.595754409727586,0.868380434043703,3
25.833642087292365,0.6487853975263769,3
25.88898675916007,0.24961981817165949,3
25.89866887998916,0.1317192051147873,3
26.027618378346677,0.5199474096429165,3
26.041920451147707,0.9640175328022053,3
26.06710072706358,0.34790974837498967,3
26.096162863754138,0.9988645907800747,3
26.145683004707337,0.5280670642010947,3
26.337543748426466,0.175939585756405,3
26.370646386361877,0.02853867152819242,3
26.468914144170807,0.2775084295769204,3
26.48300696226971,0.0328953151622683,3
26.48883923953557,0.5698497963236493,3
26.594707463873807,0.6594400188764684,3
26.64084935672132,0.6281794740690267,3
26.64239881955186,0.34511568879356663,3
26.661581760990206,0.11011152200335012,3
26.66176614133773,0.6532227338323321,3
26.683739680398233,0.06527825046702015,3
26.747527223531595,0.6675120625800574,3
26.76837461752732,0.8778341707770612,3
26.78533220392625,0.0611014445407503,3
26.799349693356803,0.3958483581289593,3
26.80107890502596,0.7073315910647873,3
26.85393749758825,0.72007366846177,3
26.867784794894366,0.22711505271744725,3
26.928978406423962,0.7007627503263634,3
26.944381079911537,0.6498818429151981,3
27.01950292946244,1.0,3
27.12412331977227,0.7453832458987355,3
27.299535102192994,0.3494865950359572,3
27.354159467427692,0.21409893716495515,3
27.380044793880604,0.5881120612168447,3
27.51139352367982,0.2293156102841479,3
27.545171698810293,0.0686358221438298,3
27.56020513916109,0.7624224767008746,3
27.602319286475655,0.22184955095283646,3
27.63315023483055,0.372538717922196,3
27.636602062437767,0.855971708801622,3
27.724805751705507,0.10041668902826749,3
27.753820648378657,0.9753389713181255,3
27.904846159542355,0.48205833967123657,3
27.912504497002253,0.6388128480050723,3
27.923325446998643,0.7116589187845926,3
27.97754002901389,0.9448932888082326,3
28.007223078666154,0.537628209412767,3
28.031465420013294,0.6899593773316812,3
28.09645582438871,0.6605727678278919,3
28.163545934172646,0.6118812347264502,3
28.422033571651028,0.6543142839199604,3
28.46394371563403,0.2846193618005665,3
28.556533271765765,0.38348051200927724,3
28.65082545408443,0.0600837645565108,3
28.676919273900097,0.7146855153773746,3
28.764016688430512,0.4270557514742088,3
28.84245452787997,0.39298183000496684,3
28.84428140981777,0.20818978743493594,3
28.889555740194027,0.7055385286003383,3
28.919638940723978,0.011093425020939912,3
29.501395230222442,0.05269863043575255,3
29.53195316341134,0.03377156494409589,3
29.55741608696137,0.1404337007953683,3
29.78086733334366,0.2568376300252348,3
29.832213501515394,0.24466604159955194,3
29.837219796544378,0.15099125359037338,3
30.092404864879292,0.2687477441414451,3
30.38721041114472,0.0934486257411587,3
30.438044440342463,0.15593070600525377,3
30.443142199933156,0.07767756191115535,3
30.531723918872384,0.318080419381281,3
30.652549184416436,0.03801613114597499,3
31.283303633407982,0.11245611811655556,3
31.38264669125005,0.17716003934066465,3
31.508793286392233,0.18260482608775894,3
31.709114147362293,0.11501884079356119,3
31.760364721526035,0.2137235528171898,3
31.7840605107928,0.05885032395318795,3
31.790314161998573,0.2813391965822085,3
32.00032574932048,0.3312340084493191,3
32.069753497286115,0.3663466637713685,3
32.29155807603232,0.3343828311362032,3
32.31197718749192,0.1060925551857288,3
32.393967180948316,0.01569714956765271,3
32.65421430940786,0.35419840103476175,3
32.725504050474925,0.20888082936594882,3
32.73935199837187,0.21752146423401514,3
33.11640996072193,0.047717162961102275,3
33.13855090982452,0.32138522799571884,3
33.138626845904454,0.3683196144682968,3
33.26944644859619,0.3241062333804998,3
33.309853674843794,0.27494830984483276,3
33.34819642034732,0.16083944055288973,3
33.41407300011481,0.3956234937244828,3
33.593221530938294,0.34170008244313793,3
33.79778918578808,0.30934025572504853,3
33.947380368395706,0.20905612380162159,3
33.957688936615554,0.02710165691242846,3
34.20753644158211,0.00888322594681433,3
34.40002380883012,0.07370317029634883,3
34.550936223428955,0.029525449561439612,3
34.95483812839279,0.19293302687620398,3
35.5262178339823,0.16141208970927806,3
35.986972942852454,0.0853918715634798,3
36.42863776431373,0.0960313595719703,3
36.47292497436604,0.08678728238074815,3
36.47865080571521,0.201018201841302,3
36.95936624043913,0.10592554853670128,3
37.21392146503422,0.11732995105047968,3
37.71142191061987,0.131686394939465,3
37.7173039896387,0.0710356132560633,3
37.87267779088718,0.013856238083938684,3
37.967286300784146,0.1713287485625796,3
38.06972115635229,0.2062042020467161,3
38.56611817658044,0.09921397042415281,3
38.649435011861826,0.10845961250112385,3
39.75213763912215,0.01653477222882087,3
39.759571616320635,0.062336590995002376,3
39.98716531366288,0.040534441444703785,3
40.478303411895276,0.1585395829752348,3
40.71748617272532,0.03634156873637462,3
41.12339070632473,0.1442795222752284,3
41.27225145902311,0.09584491976776667,3
41.47685120256537,0.0009113429661977504,3
41.81184468787098,0.1349479759389606,3
41.93795272308511,0.1620827090542827,3
42.26781280651047,0.07031008251078588,3
42.65264270278914,0.10541429263684045,3
42.68506987723099,0.012040513329698922,3
43.42334623607895,0.04566151216638563,3
44.03210940424364,0.13076785791750903,3
44.17872658707932,0.030791122423348694,3
44.26488994024921,0.05415810817329611,3
44.3174774183944,0.17848491644895378,3
44.334725125256966,0.019522821425079696,3
44.89061201836686,0.16652861958773194,3
44.94656726061041,0.15685750193329237,3
44.969589440553165,0.18096709348183773,3
45.108095489282064,0.08968174845074582,3
45.21303780860409,0.15480560289832268,3
45.27234958563902,0.024091004578296042,3
45.34270771660124,0.091190857881303,3
45.72485488858324,0.05765285486711421,3
45.84046201218049,0.14826076948754435,3
46.062020241826566,0.17763581000916884,3
46.284420661964,0.17061263355924244,3
46.32847981341322,0.040036554195335694,3
46.483615595503046,0.0612703302834201,3
46.64924850115699,0.16315095799865442,3
46.83318825730963,0.006733156227988804,3
46.88869124228577,0.25979075720259476,3
47.06217953787521,0.19980868650126424,3
47.14013533856892,0.055311491397469804,3
47.22600182051093,0.3268889478137518,3
47.33039901320423,0.20764840279253896,3
47.38837847805318,0.3953297572870403,3
47.67748976756562,0.01642272557076301,3
47.72303301522955,0.32998654394921734,3
47.98481804376666,0.02932264148781476,3
48.05351100677659,0.3668445989541938,3
48.076818161758034,0.15001338003872833,3
48.332935365145396,0.24482487924530277,3
48.371057283443456,0.2773651091020118,3
48.439362693118326,0.28451342556908016,3
48.613909089355964,0.2616654343931359,3
48.71934040297641,0.004398269346170777,3
48.77001105802305,0.08692588415195254,3
48.867803513741805,0.3154686209270159,3
49.53526405175242,0.246905698281891,3
49.73348941452795,0.23851591876389272,3
49.86369744468741,0.002338698712422984,3
50.17232912017015,0.013407541425260702,3
50.90422101503451,0.019980915939704212,3
50.92391962249088,0.26087369884356953,3
50.9499942515662,0.15491697824844405,3
51.0777932930979,0.2368116088617175,3
51.092946092132145,0.07683878232176204,3
51.12782638344788,0.25065715384243914,3
51.385532198768026,0.15715392124091895,3
51.45020355242426,0.3634419228973905,3
51.450386592735974,0.1144998751210158,3
51.63892385550523,0.045268987090092055,3
51.90344931884058,0.2235205903650667,3
51.98017295335143,0.28318563923642004,3
52.087879208566264,0.05555451309977368,3
52.578913409303965,0.219610033339451,3
52.948141851048426,0.24634033998850283,3
52.96397500438173,0.04014931105925728,3
53.29804237546394,0.3036580039625065,3
53.56947104205823,0.22967579208913616,3
53.76471150101446,0.004329082881214941,3
53.83049309515358,0.24846117764579664,3
53.956097351728495,0.34919106353908286,3
54.00319472364023,0.44561280656300956,3
54.03944004533003,0.46466107305926563,3
54.182317921044024,0.1856963477689834,3
54.25370651447844,0.01699255706299904,3
54.54876195464797,0.4163512095360701,3
54.61519648187303,0.10171141622763484,3
54.905635184315024,0.4157939956345898,3
55.030355255580204,0.4319120848907779,3
55.24200046912579,0.14129996806472453,3
55.42213677965377,0.3070900504747464,3
55.57125414646432,0.24502416086089404,3
55.80927981486639,0.31323518753895013,3
56.12127251598966,0.34036895101583814,3
56.141795152564384,0.07881729528775284,3
56.18960514543168,0.16388825666691845,3
56.58639158032569,0.2745813204370765,3
56.746302193625105,0.2261686393078154,3
56.811764656176884,0.41491545105023075,3
56.92956413584906,0.21287591909616382,3
56.9373370230792,0.3123298520301812,3
56.95678542302345,0.045608681497746606,3
56.95838329040642,0.1347046344374379,3
56.96496013043316,0.07488773642697422,3
56.970084837170596,0.49356100921716023,3
56.99128176394648,0.012814875542519385,3
57.0015050943407,0.6511210747343096,3
57.03256324277282,0.5909457183996567,3
57.05648500349825,0.4927336934868399,3
57.121095280859116,0.021282313611065886,3
57.13249667618279,0.19816018534100294,3
57.208257974001114,0.10283214847132055,3
57.33058595161341,0.5239717526776609,3
57.40684672562413,0.05195075106554861,3
57.48456610636541,0.6730145214513661,3
57.49046605066946,0.4352280108286989,3
57.50514618825403,0.08355392017495195,3
57.59826768869115,0.36993017485914853,3
57.68944176828852,0.113546867660428,3
57.759630657552975,0.3332223083379858,3
57.87395463969313,0.5350674688629686,3
57.87609830094787,0.5435635350616372,3
58.093055710508736,0.23876515646818752,3
58.226525114647885,0.22564043792126345,3
58.26807520516716,0.05180536213488991,3
58.34487037034092,0.05875099546685167,3
58.513928882417346,0.03399757951155111,3
58.69939018799332,0.05563596964611996,3
58.70924696358462,0.3067472708284303,3
58.73643643978691,0.6624568857540076,3
58.79057848152127,0.28363752747499615,3
58.83558980292737,0.4450567712110075,3
58.996672617204105,0.5008419460963982,3
59.0341491562863,0.4749426330678089,3
59.0516943974583,0.11449824441786485,3
59.13416749735472,0.5288182517222858,3
59.24651160966597,0.43500377235097326,3
59.26892658002796,0.6560668839759183,3
59.34891549086246,0.5744874475841245,3
59.36664687793636,0.41690902730812957,3
59.45872467221136,0.8242985384360948,3
59.603813135157935,0.2082358603401774,3
59.99818010493349,0.4719713869591756,3
60.05320148880603,0.13919632421388586,3
60.17812399916508,0.43491878296494607,3
60.22828798176865,0.16501004525694168,3
60.26749595536283,0.13876035004997672,3
60.361878418335515,0.24245917406564452,3
60.39881461274437,0.3515697998788675,3
60.437269027633945,0.47791401616923995,3
60.50043285953161,0.22338446812050836,3
60.66952882236904,0.2524998562210598,3
60.67434275665696,0.5252272496849724,3
60.68056917729945,0.2373471762357587,3
60.68173779061234,0.047908152769154784,3
60.69251710227584,0.0358119642472657,3
60.70418836495123,0.10818475403866223,3
60.70985958611877,0.3899522820615001,3
60.77121212467587,0.3158646767968628,3
60.855093396619,0.5556870880708366,3
60.85933157782305,0.08133267874893348,3
60.88581334597032,0.14024981899016403,3
60.93906816256117,0.8356937918699213,3
60.939296441397936,0.3797361347781691,3
61.208489181075386,0.6872077276698777,3
61.21737106771371,0.1821300005946598,3
61.25536298663009,0.7720998783384967,3
61.26486457827197,0.10272975037210551,3
61.278497745891734,0.6517067775228619,3
61.31506390594583,0.8271011048757485,3
61.3315550679239,0.42107698931463966,3
61.360050629021984,0.429696780656728,3
61.383986027490664,0.1563354373224658,3
61.559242827644304,0.4907363122880902,3
61.58562971340564,0.19943258193279448,3
61.58880716794085,0.610294788331691,3
61.62868171974495,0.4060683662938372,3
61.64585949114831,0.20381797643286126,3
61.71160066664597,0.3978632830178971,3
61.74350272369706,0.021503572034620926,3
61.770371050776994,0.08618814812081962,3
61.89535970288093,0.08457551597088345,3
62.05180320855521,0.2980918717237312,3
62.09046557598095,0.5544615171977533,3
62.1484925766025,0.0407675487478427,3
62.17667622037176,0.009812618513723666,3
62.188181461107796,0.11957512715057061,3
62.439583686563594,0.6484414282238992,3
62.59565736383944,0.5552140006510994,3
63.215461615973304,0.1797443584583821,3
63.216087881282185,0.07722044379744852,3
63.34914147464792,0.16357953860419805,3
63.47298401696098,0.43867122057077196,3
63.66581728913022,0.27802412910282587,3
63.960661768391994,0.17423468849682813,3
64.08633370916371,0.146942962667079,3
64.25359146287201,0.3334545201122508,3
64.38078499383326,0.356912641829539,3
64.41888575744998,0.3017506376440972,3
64.43983285486851,0.34435422344069117,3
64.50581482677819,0.130049527376836,3
64.53871088740293,0.4175829677117736,3
64.58332143119458,0.2085506056916539,3
64.62426093498985,0.08565123523683318,3
65.10041066820824,0.2105434733871627,3
65.4379751951577,0.2036475476896702,3
65.53793759685261,0.13376885433066255,3
65.77745014888,0.10521798903331712,3
66.15319581453237,0.16649453717598656,3
66.2707406620883,0.0638929935432615,3
66.61425528260489,0.14755204109378509,3
66.62084771415549,0.1415435955729767,3
66.88408436935663,0.07652488784874024,3
67.40182610736183,0.11988649947954025,3
67.57863792717183,0.007884893164914352,3
67.72790312008644,0.10620693043899489,3
68.35410780387501,0.0955440124187744,3
68.62189753988325,0.045493109155968756,3
68.88073446950396,0.07169121541757471,3
69.14633544706788,0.16539760345082272,3
69.29539045627705,0.12417964218061028,3
69.75690580630473,0.1430217236277292,3
70.30171015981546,0.02394853496732067,3
70.64530321601579,0.06709645251343804,3
70.75154105913485,0.2243449494531223,3
70.86501487694302,0.23681014275397627,3
71.04273142570334,0.15476323168798106,3
71.1367633931367,0.01652844779652773,3
71.14166858895332,0.022769242495361545,3
71.31691271152022,0.041269376689009915,3
71.37236480263647,0.4326671627131917,3
71.44770160238404,0.07154105181405461,3
71.44840915411453,0.36718031049910477,3
71.56785961078548,0.3493834894914876,3
71.61829915344873,0.46239780838562894,3
71.64431008968532,0.3817828844670482,3
71.77388043013796,0.1114985369229224,3
72.1834411683893,0.39566197334258396,3
72.25420321522482,0.33573536794012454,3
72.28858218265123,0.3170590191163012,3
72.35416049001641,0.4234408191651936,3
72.492858164655,0.18745111003967388,3
72.67684384836856,0.04157414368393738,3
73.01653724776867,0.04704634582239637,3
73.02185776442185,0.18464805614257274,3
73.1133383717002,0.1285448104928108,3
73.12760600885078,0.4345433568633146,3
73.19246488069446,0.3542157960203958,3
73.20749550318591,0.05804098347099349,3
73.2308873045841,0.4527925609815858,3
73.39418697363755,0.5742676273495324,3
73.43188195944558,0.5464602158597418,3
73.46329295669447,0.4721564357855124,3
73.4758792098093,0.5642076683184757,3
73.60890876532203,0.10939600722615782,3
73.63656096133845,0.048794297312091686,3
73.73117350127089,0.5397687255979764,3
73.8099676785594,0.698106240158138,3
73.81210593558994,0.17780207820250515,3
73.88218415257776,0.42331455234125176,3
73.92149531149637,0.06157928302941122,3
73.98220651969375,0.45038923857341834,3
74.07406622207444,0.34993058385525055,3
74.10101875024202,0.1906004289171111,3
74.13744041784038,0.45316048754391225,3
74.16934988417569,0.5616644630043032,3
74.22172027658836,0.7797345902219794,3
74.24823272411759,0.6804263862082137,3
74.34485409955079,0.8164517633503587,3
74.35734837933633,0.38063511363828034,3
74.528260934414,0.10999668187532635,3
74.53923914987661,0.33020967048971317,3
74.59481366525564,0.6354817635939669,3
74.62675954357215,0.17174420938154988,3
74.69281760216992,0.1465479192824586,3
74.93212376682379,0.48621063836219724,3
74.99790020367864,0.7070392898896695,3
75.00289306652981,0.3175774214646125,3
75.19795858503878,0.4834144688845789,3
75.39122863991462,0.26062991289945775,3
75.77240303316792,0.19603818410213378,3
75.83722677538744,0.07494189064549076,3
75.84232337711629,0.011821683072387294,3
75.84622989567652,0.07469968550218431,3
76.21881333986475,0.22835119085811345,3
76.26922446224192,0.3834573192037232,3
76.33825656613328,0.028384600618739788,3
76.34703206897387,0.12353313873845922,3
76.45975582071692,0.01749749339964752,3
76.54060349043097,0.4845799934113851,3
76.6945267431328,0.23240380363263755,3
76.72521930374262,0.17809779850829788,3
76.86435933407476,0.462720649663997,3
76.92197605367885,0.17861819781352797,3
77.16577309911008,0.16858461708206898,3
77.19569837051986,0.5779705436550472,3
77.23884662379892,0.10329231697179665,3
77.35822168376292,0.023718460840839152,3
77.40223762001604,0.6078628140453889,3
77.42647815122238,0.2077534204036,3
77.48756933683192,0.2806806134375817,3
77.4997522997411,0.5605752202864369,3
77.54578126579096,0.252853908841014,3
77.56276559820388,0.07680983496584468,3
77.60670480853732,0.5830146019292478,3
77.62628088361876,0.09846888536891026,3
77.68458338007422,0.15434132844305717,3
77.69904935997904,0.11213059559776603,3
77.76024632450343,0.1764046595151945,3
77.81166260649115,0.18721406624787512,3
77.89941001966488,0.5943639872484966,3
78.01119537936427,0.07420802284976322,3
78.04754873787424,0.5270578427359355,3
78.06042814187911,0.7404898287713406,3
78.14899317910698,0.5105821352476716,3
78.16054542168527,0.28138957568452244,3
78.23970128336813,0.6844503351073944,3
78.31842801203466,0.716093427936786,3
78.34761487043549,0.39998011521099436,3
78.38268940210665,0.4620949790008479,3
78.40330516258881,0.487061663877948,3
78.44012478240745,0.11236232969542938,3
78.46212288353915,0.3308277770133859,3
78.48079449253812,0.7351762201633821,3
78.57161081698061,0.453887665311998,3
78.78697518713379,0.71864786418561,3
78.83020242738223,0.474604643214476,3
78.85535463633968,0.6137575476719007,3
78.93065392260822,0.19166643258642332,3
79.00134689855378,0.426036677631716,3
79.07837249366546,0.6060081261162085,3
79.1418743194091,0.11332531442761154,3
79.31241287779515,0.366000275311922,3
79.40496118744095,0.40302791939034865,3
79.41636117483729,0.12844396611051043,3
79.44689619694951,0.447157138335273,3
79.50560054591699,0.04740373976069739,3
79.55818553798751,0.549031568598971,3
79.568954093528,0.23813921401076013,3
79.63269508377067,0.36106730644838436,3
79.70312153323322,0.2822840422030722,3
79.78566332552842,0.236229452187566,3
79.78908481274937,0.743596741955074,3
79.79882264833755,0.6850304550627956,3
79.8387133523065,0.23782342884738827,3
79.87945024363466,0.1274523267216067,3
79.99255698085659,0.39995986991176025,3
80.00761287125577,0.10752048346869574,3
80.26393722278728,0.43114385570611496,3
80.33008180853723,0.15393857466013386,3
80.54293640003468,0.05877117840596801,3
80.68070134727733,0.01266113533019203,3
80.6865677683432,0.5200375000690624,3
80.7033096237892,0.08983619076947143,3
80.77360920479717,0.25244461494165904,3
80.79628690913239,0.060571503167122856,3
80.87121326054432,0.07558046487926483,3
80.91976613890814,0.24303969122969787,3
80.94764310849767,0.1101746929710642,3
80.98582178252357,0.4874692483071797,3
80.99949636796973,0.08846034255836943,3
81.04302166880291,0.5250514279211922,3
81.44907246475366,0.48823872098617654,3
81.46747010964846,0.049937494299197235,3
81.55717408488657,0.023779823477048965,3
81.78587742475835,0.2808852201693365,3
81.81464259949183,0.35337589034535355,3
81.83405877110354,0.4181382517677269,3
81.93595606755326,0.2843307513920284,3
82.01832056777852,0.3312194087026985,3
82.03771529546077,0.347671002029004,3
82.38330274258678,0.37645707487030755,3
82.46720962376905,0.08189670260903242,3
82.59511564060324,0.010960314595749848,3
82.79392688789605,0.23357298942000404,3
83.00295018321616,0.4191724090505407,3
83.0293372616353,0.011630703453469579,3
83.20181906413298,0.27801250071614125,3
83.3071926506929,0.24339795813003406,3
83.35600510107456,0.45522012999434947,3
83.44909582088827,0.011815687240344,3
83.62686716368084,0.30612731209476346,3
83.64490323047514,0.3213511638109108,3
83.67133493703119,0.47249386997461656,3
83.71842577037945,0.29323747245886217,3
84.09238446617779,0.3147699641992861,3
84.11960182699767,0.1972494539819115,3
84.25599152011051,0.3794931110974251,3
84.29131121937645,0.32761087995056515,3
84.30520151976368,0.05456954157692396,3
84.3060926720817,0.07516274292444096,3
84.4128594173009,0.08286827613606561,3
84.6200300624581,0.059514655893085404,3
84.63351580083047,0.11989984606199137,3
84.73032230644321,0.21716695548875056,3
84.73482450356545,0.36454647402846857,3
84.9851227094025,0.15956623039812115,3
84.98600208678367,0.26305676086731516,3
85.43101821332726,0.3310570291848914,3
85.5421693622849,0.3536415034256802,3
85.66619427711159,0.27668817657927774,3
85.68032387216785,0.35096305919958487,3
85.8200703423614,0.13252547822602295,3
86.09867082490632,0.29406287199688064,3
86.33129271978224,0.3278306710344017,3
86.4386167883993,0.013793445113497782,3
86.49475991546754,0.16711272485534812,3
86.5185963590468,0.0959770355746399,3
86.66362831298456,0.19100721237815488,3
86.77901503900326,0.24978434960296608,3
86.9483085427676,0.08930997745627901,3
87.14618821477976,0.3648264851399086,3
87.14672826609565,0.11501564151340764,3
87.25351902152569,0.3320462199643576,3
87.25488735696067,0.42374339960867125,3
88.10439321931685,0.30573619639381244,3
88.25052288726529,0.30788801374359215,3
88.28053744962901,0.23570386164671606,3
88.75380055017857,0.21850049459582413,3
89.02776383621391,0.19572422322492455,3
89.0297178640569,0.1747962863862966,3
89.59739928581699,0.14108171534597425,3
90.02251928279863,0.008010983394822105,3
90.16028211370791,0.2815717309788997,3
90.21640472246398,0.15401922949954178,3
90.42883098640016,0.12997411553545948,3
90.51805116690848,0.4305584407617481,3
90.59020002288767,0.365864247914663,3
90.72053698565863,0.5223691265334418,3
90.85689218993018,0.07495866950921366,3
90.96676748497255,0.2257900484603823,3
91.35948297068141,0.2871901179351315,3
91.46852745793893,0.17255690730179507,3
91.48921239497191,0.1778254310032177,3
91.60741605928837,0.23992942708447773,3
91.70806211604533,0.03488624716170246,3
91.98944839547508,0.016986608610388077,3
92.03744421569463,0.38189397712084383,3
92.24998660469305,0.003190511062896879,3
92.259089532331,0.32523390574136013,3
92.44384980095676,0.19096926286752053,3
92.57242162477532,0.4046575371573661,3
92.59329296522466,0.3584840822919947,3
92.6098629405211,0.18741004781868056,3
92.65090367278879,0.19128027105933956,3
92.80523823962912,0.06204199809570801,3
92.83337156049627,0.18366915432061215,3
92.87567435241711,0.10593710374838584,3
93.1200523376917,0.15715386177102666,3
93.13375655502922,0.29467200118623554,3
93.23529204537412,0.44316976919543616,3
93.27555861417571,0.052021639783111084,3
93.28489154911392,0.46326222763228503,3
93.39941891381862,0.49724019263986907,3
93.45521881511263,0.12258246314202492,3
93.49453215630326,0.1130905219603065,3
93.53285223085895,0.44412877024885,3
93.54405755221315,0.012421357018273018,3
93.55152105929466,0.32183497977174197,3
93.63873049639199,0.014406087805172385,3
93.90357154502827,0.5127609553655905,3
93.98501836560288,0.015259884080358893,3
94.11352486048338,0.09566914137916765,3
94.13624964540527,0.15192229291175144,3
94.15641802825742,0.6376712859964937,3
94.21647946818037,0.26974693052658144,3
94.45398111242247,0.04189664918734648,3
94.58560464393507,0.13827029238855573,3
94.65007874658052,0.22892443078455568,3
94.67855821953302,0.24195627975183082,3
94.80607156035917,0.06726465317988566,3
94.82067718750385,0.005478079238393349,3
94.8681117351626,0.47844268023941755,3
95.00447485068858,0.13468279086206428,3
95.11976885827153,0.044920419831622344,3
95.31411078181435,0.19151321893507156,3
95.3553250540662,0.21917240990515183,3
95.50573171516315,0.2513880576920567,3
95.51623568483733,0.38619139224897014,3
95.6134427163021,0.3948732831467098,3
95.63392114739906,0.24643786055152478,3
95.63398841310152,0.4932036723351525,3
95.87393137241436,0.038728453842082455,3
96.0931030610803,0.1565705896485059,3
96.21246993367392,0.15506968847512442,3
96.30329702920663,0.3224555146606556,3
96.38355007953706,0.38610564769358124,3
96.4261631418209,0.34224504264246086,3
96.7937421127779,0.0444759575159446,3
96.84533659521252,0.24977418662931672,3
96.90742846563609,0.21817703524276752,3
97.0020822544572,0.25910840057912005,3
97.11340904355833,0.00540035946474519,3
97.13840697800453,0.13470981524894943,3
97.16045223436201,0.0254630114248338,3
97.22664615794064,0.19185933138227906,3
97.5629630617587,0.32715031125390215,3
97.78526128454048,0.10771521669615729,3
97.85640302351582,0.2457228729467981,3
97.8865772302664,0.2651500052905385,3
98.55619602787803,0.07287087668627137,3
98.72481356184579,0.13453267747641703,3
98.82558028176133,0.041944766849271904,3
99.05810427724822,0.019048227711735505,3
99.43839733399908,0.18111560577078697,3
